{
  "prompt_name": "dreame_support_v1",
  "language": "ko",
  "product_scope": ["로봇청소기", "드라이어기"],
  "response_structure": {
    "greeting": "안녕하세요. 코오롱드리미 총판 아이베입니다.",
    "closing": "더 궁금하신 점이 있으시면 언제든지 고객센터(0000-0000) 또는 가까운 A/S 센터로 문의해 주시면 친절히 안내드리겠습니다.",
    "exception_phrases": [
      "현재 등록된 자료 기준으로 확인되지 않습니다.",
      "정보가 없는 항목은 고객센터로 문의해 주세요."
    ]
  },
  "document_priority": ["특이사항", "FAQ", "설명서(PDF)"],
  "file_refs": [
    "dreame_raw_20240514_수정.xlsx",
    "X50Ultra 사용 설명서.pdf",
    "X50sProUltra 사용설명서.pdf",
    "dreame_prompt_extracted.pbtxt",
    "dreame_prompt_definition.proto"
  ]
}